it_id	italian	nl_id	dutch
2191639	Sono fantastiche.	9275280	Zij zijn fantastisch.
4567213	Sii discreto.	7550011	Wees discreet.
10046630	Aggiungimi su Facebook se vuoi. Il mio nome là è Ryck Vernaut.	10050561	Voeg me bij Facebook toe, als je wenst. Mijn naam daar is Ryck Vernaut.
6806977	Sei canadese?	9703108	Ben je Canadees?
1280825	Ha un gatto bianco.	1037500	Ze heeft een witte kat.
617639	Ho fatto uno strano sogno la scorsa notte.	381341	Ik heb vreemd gedroomd afgelopen nacht.
3500516	Ho perso un po' di peso.	1033174	Ik heb een beetje gewicht verloren.
3653524	Sono sicuro che Tom penserà a qualcosa.	11576353	Tom zal vast wel iets bedenken.
779388	Devo andare, è tardi!	3986705	Ik moet ervandoor. Het is laat!
5073435	Sono l'ultimo che l'ha visto.	6294833	Ik ben de laatste die hem heeft gezien.
8503548	Parla in francese.	8982923	Spreek Frans!
3564201	Ho un fratellastro.	6047084	Ik heb een halfbroer.
1214827	Sono già le sette.	390004	Het is al zeven uur.
1523450	Vogliamo vedere questi film.	8434578	We willen deze films kijken.
4722467	Vorrei fare una domanda.	384991	Ik wil graag een vraag stellen.
2191433	Sono fuori.	9275155	Ze staan buiten.
8353927	Cerco il mio cane.	8353928	Ik zoek mijn hond.
5181633	Dormire è la migliore meditazione.	5810765	Slaap is de beste meditatie.
990042	Ha paura dei cani.	12799870	Ze is bang voor honden.
2191325	Sono di sopra.	9275090	Ze zitten boven.
8921899	Hanno detto che non l'hanno fatto.	12111379	Zij zeiden dat ze het niet gedaan hadden.
4278067	Ho bevuto il vino.	4278076	Ik heb de wijn gedronken.
2191449	Sono nuovi.	9275169	Ze zijn nieuw.
7478923	Ho dimenticato di dare da mangiare al mio cane.	9076539	Ik vergat mijn hond te voeren.
4461677	Sono Jorge.	645415	Ik ben Jorge.
2974901	È una persona ben informata.	4299770	Hij is een goed geïnformeerd persoon.
3338887	Utilizzare l'inglese per comunicare tra giapponesi e cinesi non è solo ridicolo e inefficace, ma può rivelarsi molto pericoloso.	3832420	Het gebruik van het Engels tussen Japanners en Chinezen is niet alleen belachelijk en nutteloos, maar het kan heel gevaarlijk blijken te zijn.
717837	Vidi un aereo.	3165936	Ik heb een vliegtuig gezien.
9065432	Andarono entrambi alla moschea.	11569229	Ze gingen allebei naar de moskee.
2391733	Raccontami la storia completa.	7668767	Vertel me het hele verhaal.
4637277	Manca di esperienza.	4170787	Hij heeft gebrek aan ervaring.
2181340	È una cantante.	2657407	Zij is zangeres.
4737847	Vendo ombrelli.	7460004	Ik verkoop paraplu's.
5362630	Ho bisogno di un aiutino.	7460139	Ik heb een beetje hulp nodig.
3561144	Prometto.	7898776	Ik beloof het.
374247	Hai una macchina fotografica?	685824	Hebt ge een fototoestel?
1455652	Sono un monaco.	1478415	Ik ben een monnik.
2394518	Vengo dall'Egitto.	568350	Ik kom uit Egypte.
4741906	Aspetterai.	8775729	Je zult wachten.
1663958	Sono Anthony.	8757545	Ik ben Anthony.
5441971	Ero timido.	6807447	Ik was verlegen.
5709778	Sono sorelle.	9051822	Het zijn zusters.
3838925	Sono il fratello maggiore di Tom.	5843944	Ik ben Toms oudste broer.
2594146	È il mio insegnante.	8130208	Hij is mijn leraar.
627118	Sono restato a casa tutto il giorno.	605388	Ik ben de hele dag thuis gebleven.
3314718	Ho bisogno di un cacciavite.	7328136	Ik heb een schroevendraaier nodig.
2968137	È caduta a pezzi.	3524211	Het barstte in stukken.
6442440	Mentiamo tutte.	7990417	We liegen allemaal.
5221550	Ero molto fiero.	6712366	Ik was erg trots.
916302	Ama il caffè.	7527347	U houdt van koffie.
1554143	Sono un cittadino del mondo.	879252	Ik ben een wereldburger.
2773751	Sono arrivata a Kobe verso le due e mezza.	8496098	Ik ben rond half drie in Kobe aangekomen.
3758418	Mangio un'arancia arancione.	9284008	Ik eet een oranje sinaasappel.
3669219	Sono noiosa.	3669226	Ik ben saai.
2478297	Abbiamo tutte paura.	12342129	We zijn allemaal bang.
2388520	Era a corto di idee.	5147941	Hij zat zonder ideeën.
2580251	Potrei votare per Tom.	8157261	Misschien stem ik op Tom.
3060384	Sono un'orfana.	8671873	Ik ben een wees.
1850522	Sei cambiato così tanto che riesco a malapena a riconoscerti.	2805028	Je bent zo veranderd dat ik je bijna niet kan herkennen.
2191403	Sono simili.	9275130	Ze lijken op elkaar.
12655939	Sono le dieci e mezza.	12655935	Het is half elf.
3242373	È il posto ideale.	5808055	Het is de ideale plek.
9035597	Volevo vivere a Parigi.	9435808	Ik wilde in Parijs wonen.
399093	Sto traducendo.	399194	Ik ben aan het vertalen.
6750960	Arrivederci, Anna!	7344289	Tot ziens, Anna!
376629	Abbiamo trovato una tartaruga in giardino.	7825036	We vonden een schildpad in de tuin.
5577246	Ho già dimenticato il viso di mia nonna.	2516883	Ik ben het gezicht van mijn grootmoeder al vergeten.
375633	Hai molti soldi con te?	384002	Heb je veel geld bij je?
3195082	È già tardi.	415082	Het is al laat.
917365	Raggruppò le ragazze in tre file.	846468	Hij groepeerde de meisjes in drie rijen.
8650038	Dice che può predire il futuro.	11044467	Ze zegt dat ze de toekomst kan voorspellen.
382390	Vuoi qualcosa da bere?	384493	Wil je iets drinken?
4879040	È quello che le ha detto Tom?	12489111	Heeft Tom haar dat verteld?
377196	Vive con i suoi genitori.	655291	Hij woont bij zijn ouders.
379759	Ha scritto un libro sulla Cina.	813636	Hij heeft een boek over China geschreven.
996112	Ho una domanda stupida.	608899	Ik heb een domme vraag.
12581751	Sei mia figlia.	3162474	Je bent mijn dochter.
5054579	Essere onesti non è facile.	7759389	Eerlijk zijn is moeilijk.
2679139	Morirono dopo pochi mesi.	2679144	Ze stierven na een paar maanden.
410945	Eri a casa ieri?	4085664	Was je gisteren thuis?
3244223	È la prima volta che uso un computer.	3332403	Het is de eerste keer dat ik een computer gebruik.
657016	Dammi la chiave.	667293	Geef me de sleutel.
1086411	Voglio sapere chi ha telefonato.	7416811	Ik wil weten wie gebeld heeft.
12049013	Hanno messo la lampada sul comodino.	12049069	Ze zetten de lamp op het nachtkastje.
1740933	È un vantaggio saper usare un computer.	726634	Het is een voordeel een computer te kunnen gebruiken.
672263	Corre.	672260	Hij rent.
2423436	Mangiamo.	9259600	Laten we eten.
627033	È andata a Parigi per studiare arte.	627030	Ze ging naar Parijs om kunst te studeren.
1099773	Devi fare quello che dico.	1084754	Je moet doen wat ik zeg.
1389958	Potete aiutarmi?	384952	Kunt u me helpen?
903674	Sono una persona.	1033898	Ik ben een persoon.
3875052	Era troppo?	6669358	Was dat te veel?
4750135	Conosci la ragazza del ritratto?	4850624	Ken je het meisje op het portret?
2731745	Metti giù la tua matita e ascolta.	2731749	Leg je potlood neer en luister.
1152812	Sono completamente a vostra disposizione.	3236179	Ik ben helemaal tot uw dienst.
5447201	Ho tre gatti.	6813149	Ik heb drie katten.
1338583	Avendo sentito le sue dichiarazioni di amore, la ragazza arrossì.	1684916	Bij het horen van zijn liefdesverklaring begon het meisje te blozen.
12146746	Hai visto i carciofi?	12146752	Heb je de artisjokken gezien?
1603212	Posso mangiare?	1564746	Kan ik eten?
719412	Passi sempre meno tempo con i bambini.	8537623	Je brengt steeds minder tijd door met de kinderen.
2676824	È diventato molto pericoloso.	2676829	Hij werd heel gevaarlijk.
350373	Lascia che paghi la mia parte.	2086907	Laat ik mijn eigen deel betalen.
3533077	Ho avuto una giornata difficile.	9560015	Ik had een moeilijke dag.
4455	È troppo caro!	377762	Dat is te duur!
438668	Puoi venire domenica sera?	699659	Kunt ge zondagavond komen?
4822410	È un posto perfetto per il nostro inizio.	12386666	Het is een perfecte plek voor ons om te beginnen.
1326314	Cominciamo presto in mattinata, OK?	2785012	Laten we 's morgens vroeg starten, OK?
1475770	Hai un hobby?	1475769	Heb je een hobby?
1814954	Sto bene, grazie. E lei?	3125185	Het gaat goed met me, dank u. En met u?
946738	Stai cercando un lavoro?	2807679	Zoek je een baan?
5220410	È richiesta una password.	7726536	Een wachtwoord is vereist.
2137582	Ha stravinto.	4989743	Hij heeft gewonnen.
4468535	Ho il ruolo perfetto per te.	4468539	Ik heb de perfecte rol voor jou.
3870116	È il mio compleanno.	8443877	Het is mijn verjaardag.
1671810	Ho brutte notizie per te.	7898088	Ik heb slecht nieuws voor je.
2352173	Era chiaro cosa intendeva fare.	7416908	Het was duidelijk wat hij wilde doen.
630522	Devo mettere il mio orologio avanti di due minuti.	2920574	Ik moet mijn horloge twee minuten vooruit zetten.
1355293	Voglio saperlo anche io.	1355304	Dat wil ik ook weten.
4566292	Guarda ancora.	4521600	Kijk nog eens.
373871	È vero?	6004376	Is dat zo?
2809703	Tom ti aspetta.	9022094	Tom wacht op u.
2809124	Non posso giocare a questo gioco. Non mi piace.	6066300	Ik kan dit spel niet spelen. Ik hou er niet van.
4998561	Non sapevo che ci fosse uno stagno qui.	3552762	Ik wist niet dat hier een vijver was.
2001856	Io non ti ho mai visto.	7949412	Ik heb je nooit gezien.
6539875	Tom non mi voleva sposare.	8427327	Tom wilde niet met me trouwen.
929387	È nella disgrazia che si riconoscono gli amici.	422432	In nood leert men zijn vrienden kennen.
1246309	Sembra che lui ci conosca.	592260	Hij lijkt ons te kennen.
3490893	Lei si è laureata in una università della Ivy League.	6865934	Zij is afgestudeerd in een universiteit van de Ivy League.
2005409	Non mi parlare.	7900931	Praat niet tegen mij.
2829381	La voce si è rivelata essere falsa.	694879	Het gerucht bleek vals te zijn.
6975523	Per piacere, mi ascolti.	3456161	Luister naar me alsjeblieft.
4356801	La risposta mi irritò.	736240	Het antwoord maakte mij boos.
2001855	Non ti ho mai visto.	7949412	Ik heb je nooit gezien.
2433165	Io mi sono scusata.	4170721	Ik heb me verontschuldigd.
2621731	Lui si inchinò di fronte al suo insegnante.	861821	Hij boog voor zijn leerkracht.
7074665	Tom mi ha salvato la vita.	7076074	Tom heeft mijn leven gered.
2504102	"La Lituania si chiama ""Lietuva"" in lituano."	7462550	"Litouwen wordt ""Lietuva"" genoemd in het Litouws."
2809125	Io non posso giocare a questo gioco. Non mi piace.	6066300	Ik kan dit spel niet spelen. Ik hou er niet van.
883346	Non si possono fare le omelette senza rompere le uova.	422843	Je kan geen omelet maken zonder eieren te breken.
5710390	Noi ci fidavamo di loro.	8094725	We vertrouwden hen.
1440776	Non mi spaventa nulla.	1020938	Ik ben van niets bang.
6444224	Tom si alzò presto.	8558207	Tom is vroeg opgestaan.
4617349	Noi ci amavamo.	8580670	We hielden van elkaar.
3346745	Lui mi tratta come se fossi un estraneo.	8501925	Hij behandelt mij alsof ik een vreemde ben.
410827	Lei mi ha raccontato una storia interessante.	846720	Ze vertelde me een interessant verhaal.
3806938	Tom si è sposato con una ragazza ricca di Boston.	4177766	Tom is getrouwd met een rijk meisje uit Boston.
1828228	Bisogna che io mi lavi i denti.	603657	Ik moet mijn tanden poetsen.
2510498	Tu non mi ami più?	10100709	Hou je niet meer van me?
5389878	Io mi sono sposata ieri.	8996974	Ik ben gisteren getrouwd.
1389056	Lui si è arrabbiato.	859800	Hij werd kwaad.
1583054	Senza ossigeno non si può vivere.	631367	Zonder zuurstof kun je niet leven.
2680373	Lei si è sposata all'età di 25 anni.	1286802	Ze is getrouwd toen ze 25 was.
3805198	Loro ci credono.	8473434	Ze geloven het.
7892927	Tom non mi ha aiutato.	9499302	Tom heeft me niet geholpen.
1325761	Loro ci conoscono.	8810729	Ze kennen ons.
1828227	Bisogna che mi lavi i denti.	603657	Ik moet mijn tanden poetsen.
1563285	Troppi dolci vi rendono grassi.	4455548	Te veel zoetigheden maken dik.
1151699	Capisci quel che ti dico?	8565458	Begrijp je wat ik tegen je zeg?
2156087	Ed è vero che la tua fidanzata giapponese si chiama Tatoeba?	8434524	En klopt het dat je Japanse vriendin Tatoeba heet?
2199952	Lui mi ha spiegato la regola.	2244293	Hij heeft mij de regel uitgelegd.
5855464	Io mi sento connessa.	11028798	Ik voel me verbonden.
2516871	Soltanto mia madre mi capisce davvero.	822020	Alleen mijn moeder begrijpt me echt.
6564357	Pensavo ti piacesse nuotare.	10636394	Ik dacht dat je van zwemmen hield.
4843991	Perché ci sono delle stelle nel cielo?	3600473	Waarom zijn er sterren aan de hemel?
822979	Mi sono dimenticato come si chiama.	598888	Ik ben zijn naam vergeten.
3583098	Tom si tolse la camicia.	1483044	Tom trok zijn shirt uit.
3074770	Sono arrabbiato perché qualcuno mi ha rubato la bicicletta.	3074766	Ik ben kwaad omdat iemand mijn fiets gestolen heeft.
2695177	Io mi chiamo Andrea.	377836	Ik heet Andrea.
3116347	In ogni caso, se si impara l'inglese, va studiato approfonditamente.	11521939	Hoe dan ook, als je Engels gaat leren, doe het dan grondig.
529466	Non si è mai troppo vecchi per imparare.	549285	Niemand is te oud om te leren.
3538255	Tom mi ha detto che lui parlava francese.	3660114	Tom zei me dat hij Frans sprak.
3229772	Lui non mi ama più.	8132550	Hij houdt niet meer van me.
7074667	Tom mi salvò la vita.	7076074	Tom heeft mijn leven gered.
1316960	La Germania si trova al centro dell'Europa.	1532743	Duitsland ligt in het midden van Europa.
6920626	Tom mi ha insegnato a sciare.	9685506	Tom leerde me skiën.
2695191	Io mi chiamo Henry.	1714243	Mijn naam is Henry.
2975458	Ora mi dice la verità.	3301089	Nu vertelt hij mij de waarheid.
859539	"Cosa ci vuoi sulla pizza? ""Tutto tranne le acciughe."""	721783	"Welke garneringen wil je op de pizza? ""Alles behalve ansjovis."""
4959079	La Germania si trova nell'Europa Centrale.	4959317	Duitsland ligt in Midden-Europa.
3009306	La mia umiltà mi rende fiera.	3369940	Mijn nederigheid maakt me trots.
389110	La mia lingua non si trova nella lista!	389404	Mijn taal staat niet op de lijst!
3883844	"Il Belgio si chiama ""Belgien"" in tedesco."	7462500	"België wordt ""Belgien"" genoemd in het Duits."
3812218	Spero che tu ti rimetta presto.	8216047	Ik hoop dat je vlug beter wordt.
2515918	L'America vi ama.	7926537	Amerika houdt van jullie.
4750759	Se non ti sbrighi perderai l'ultimo treno.	4584578	Als je niet opschiet mis je de laatste trein.
1445748	Spesso mi sento depresso.	6059998	Ik voel me vaak gedeprimeerd.
5022532	Chi ti ha insegnato il tedesco?	8628642	Wie heeft je Duits geleerd?
3884403	"Le Seychelles si chiamano ""Sesel"" nel creolo delle Seychelle."	7462650	"De Seychellen worden ""Sesel"" genoemd in het Seychellencreools."
4150320	I miei figli non mi ascoltano.	7457152	Mijn kinderen luisteren niet naar mij.
3883992	"Il Paraguay si chiama ""Paraguái"" in guaraní."	7451483	"Paraguay wordt ""Paraguái"" genoemd in het Guarani."
3797540	Le nostre strade si sono incrociate.	7058019	Onze wegen hebben elkaar gekruist.
612177	I tuoi sogni si sono avverati.	3611891	Je dromen zijn waar geworden.
6689314	Mary si fida di te.	10923726	Maria vertrouwt je.
2681965	Non ci sono cappelli che mi stiano bene in quel negozio.	3062078	Ik pas geen van de hoeden in die winkel.
3883918	"La Lettonia si chiama ""Latvija"" in lettone."	7462549	"Letland wordt ""Latvija"" genoemd in het Lets."
2608970	Che tipo di cose ti rendono triste?	4177909	Wat soort zaken maken je triest?
1607445	Mio nonno mi diede un regalo di compleanno.	9535974	Mijn grootvader gaf me een verjaardagscadeautje.
4383741	La neve si scioglie.	7914789	De sneeuw smelt.
3351861	"L'espressione ""guerra santa"" non ti pare essa stessa ironica?"	7109583	"Vind je de term ""heilige oorlog"" niet ironisch?"
374205	L'arte moderna non mi interessa.	3376243	Ik interesseer me niet voor moderne kunst.
4268779	Nessuno mi crede.	9259170	Niemand gelooft me.
6442718	Tom ci aiuterà oggi.	10660160	Tom helpt ons vandaag.
2977605	Dove si può trovare un defibrillatore?	4307811	Waar kan men een defibrillator vinden?
4397	"Come si scrive ""pretty""?"	377845	"Hoe schrijf je ""pretty""?"
2183812	Mio padre si interessa della storia antica.	3416121	Mijn vader interesseert zich voor oude geschiedenis.
8927681	Tom non ti pagherà.	9406117	Tom gaat je niet betalen.
838284	Ann mi diede questo regalo.	776680	Ann gaf mij dit geschenk.
3575725	Dall'alto si poteva vedere il fiume.	5764454	Van boven kon men de rivier zien.
3884401	"La Serbia si chiama ""Srbija"" in serbo."	7462581	"Servië wordt ""Srbija"" genoemd in het Servisch."
3077302	Tom si piegò in avanti.	4782236	Tom leunde naar voren.
628590	Vieni Emilia! Tuo padre ti aspetta.	701191	Kom, Emilia! Je vader wacht op jou.
12706377	"Come si dice ""azienda"" in inglese?"	6807507	"Hoe zeg je ""kaisha"" in het Engels?"
1242406	Non mi preoccupo granché per il mio curriculum.	549281	Ik maak me niet al te druk over mijn cv.
3883866	"Cipro si chiama ""Kypros"" in greco."	7462515	"Cyprus wordt ""Kypros"" genoemd in het Grieks."
3072365	Tom e Mary ti stanno aspettando.	10902427	Tom en Maria wachten op je.
4118955	Tom si tolse gli occhiali da sole.	12399988	Tom zette zijn zonnebril af.
3567040	Tu non mi ami!	3740617	Jij houdt niet van mij!
2690326	Lei ci dà la colpa.	2690330	Zij geeft ons de schuld.
980897	Non ci sono errori nella tua composizione.	417284	Er staan geen fouten in je opstel.
3884433	"Gli Stati Uniti si chiamano ""Etats-Unis"" in francese."	7462771	"De Verenigde Staten worden ""Etats-Unis"" genoemd in het Frans."
7908491	Ti amo e ti amerò sempre.	8933039	Ik hou van je en zal altijd van je blijven houden.
1345904	Che tipo di sport ti piace?	2805924	Welk type sport vind je leuk?
1218272	Per poter visionare altre fotografie vi preghiamo di contattarci. Vi invieremo le immagini via e-mail.	9364683	Als u andere foto's wenst te zien, neem dan alstublieft contact met ons op. We zullen ze u per e-mail toesturen.
642653	Il primo ministro si è dimesso.	642654	De premier is opgestapt.
969345	In Giappone ci sono quattro stagioni.	9754356	In Japan zijn er vier seizoenen.
527172	Tutti i musei della mia città si trovano in centro.	527174	Alle musea in mijn stad bevinden zich in het centrum.
8660903	Non mi credi?	9072241	Geloof je me niet?
3351446	Dove si trova un telefono pubblico?	8560237	Waar is een openbare telefoon?
1354508	Ma mi stai ascoltando?	666538	Luistert gij eigenlijk wel naar mij?
7017038	Tom mi disse che vinse.	9669217	Tom zei me dat hij had gewonnen.
1494021	La rivista che mi hai prestato è molto interessante.	1494180	Het tijdschrift dat je me geleend hebt is erg interessant.
376617	Non mi sorprende.	379571	Dat verbaast me niets.
2685684	Poi ci sono i luoghi pubblici.	2685691	Daarna zijn er de openbare plaatsen.
375355	Nessuno mi capisce.	377842	Niemand begrijpt me.
391171	Le scimmie si spulciano.	391175	De apen vlooien elkaar.
1081551	Mi ci vorrebbe una vita per spiegare tutto.	378325	Ik heb een eeuwigheid nodig om alles uit te leggen.
392585	Prima i giovani mi chiedevano di disegnargli una pecora, ora vogliono che gli insegni a fare un commit. I tempi cambiano.	392637	Vroeger vroegen de kleintjes me een schaap voor ze te tekenen, nu willen ze dat ik ze leer hoe je een commit doet. Tijden veranderen.
5396887	Tom vi ama!	5460844	Tom houdt van u!
2677864	Non mi piace la città in cui vive.	2677875	Ik vind de stad waar hij woont niet leuk.
3361111	Tom e Mary si sposano a ottobre.	3802837	Tom en Maria trouwen in oktober.
379747	Non capisco per niente il tedesco.	2823285	Ik begrijp absoluut niets van Duits.
945444	Non c'era nessuno nella stanza.	7814810	Er was niemand in de kamer.
1541505	Sono convinta che non ha fatto niente di male.	7833804	Ik ben er zeker van, dat hij niets verkeerds gedaan heeft.
7308152	Non farò nulla di stupido.	9736316	Ik zal niets doms doen.
3282576	L'unica cosa che impariamo dalla storia è che non impariamo niente dalla storia.	4263095	Het enige dat we van de geschiedenis leren, is dat we niets van de geschiedenis leren.
2681646	Non hai fatto nulla di male.	7949537	Je hebt niets verkeerd gedaan.
1062163	Non sono ricco e non desidero esserlo.	8589172	Ik ben niet rijk en wil dat ook niet zijn.
4207859	Io non conoscevo per niente quella donna.	413289	Ik kende die vrouw helemaal niet.
1177724	Tom non aveva nulla da aggiungere.	9333884	Tom had er niets aan toe te voegen.
3553497	Io non mi aspetto niente da te.	950822	Ik verwacht niets van jou.
2495754	Non succederà nulla fino alle 2:30.	4084063	Tot twee uur dertig zal er niets gebeuren.
2585080	Non ci abita nessuno in questa casa.	664368	Er woont niemand in dit huis.
1217341	Tom non ha niente da perdere.	8453869	Tom heeft niets te verliezen.
10869804	Non so quasi niente su di lui.	10869817	Ik weet bijna niets over hem.
2610457	Tom non ha mangiato nulla ieri.	2247275	Tom heeft gisteren niets gegeten.
6164577	A Tom non piace per niente il poker.	11944678	Tom houdt helemaal niet van poker.
2415665	Io non dirò a nessuno di Tom.	12137863	Ik zal niemand over Tom vertellen.
3421909	Non ho niente da fare.	3532150	Ik heb niets te doen.
4247679	Tom non ha per nulla fame.	9085085	Tom heeft helemaal geen honger.
2415664	Non dirò a nessuno di Tom.	12137863	Ik zal niemand over Tom vertellen.
7308151	Non farò niente di stupido.	9736317	Ik zal niets stoms doen.
7308152	Non farò nulla di stupido.	9736317	Ik zal niets stoms doen.
1177725	Tom non aveva niente da aggiungere.	9333884	Tom had er niets aan toe te voegen.
5427142	Io non voglio vedere nessuno oggi.	450649	Vandaag wil ik niemand zien.
4207860	Non conoscevo per nulla quella donna.	413289	Ik kende die vrouw helemaal niet.
4593	Non mi aspetto niente da te.	950822	Ik verwacht niets van jou.
8392561	Non voglio nulla per Natale.	9525974	Ik wil niets voor Kerstmis.
6164578	A Tom non piace per nulla il poker.	11944678	Tom houdt helemaal niet van poker.
2681647	Tu non hai fatto nulla di male.	7949537	Je hebt niets verkeerd gedaan.
2610456	Tom non ha mangiato niente ieri.	2247275	Tom heeft gisteren niets gegeten.
2495755	Non succederà niente fino alle 2:30.	4435440	Tot half drie zal er niets gebeuren.
6849633	Non capisco per niente il francese.	8341538	Ik begrijp helemaal niets van Frans.
8392560	Non voglio niente per Natale.	9525974	Ik wil niets voor Kerstmis.
2495755	Non succederà niente fino alle 2:30.	4084063	Tot twee uur dertig zal er niets gebeuren.
2838243	Non so niente riguardo a Linux.	2657411	Ik weet niets over Linux.
4207861	Io non conoscevo per nulla quella donna.	413289	Ik kende die vrouw helemaal niet.
10869805	Non so quasi nulla su di lui.	10869817	Ik weet bijna niets over hem.
2838247	Io non so nulla riguardo a Linux.	2657411	Ik weet niets over Linux.
7308151	Non farò niente di stupido.	9736316	Ik zal niets doms doen.
3535089	Non conosci nessuno qui.	8437829	Je kent hier niemand.
2495754	Non succederà nulla fino alle 2:30.	4435440	Tot half drie zal er niets gebeuren.
4247678	Tom non ha per niente fame.	9085085	Tom heeft helemaal geen honger.
2681643	Non hai fatto niente di male.	7949537	Je hebt niets verkeerd gedaan.
2681645	Tu non hai fatto niente di male.	7949537	Je hebt niets verkeerd gedaan.
1079431	Non c'è niente che possiamo fare.	8540282	Daar is niets aan te doen.
3421910	Io non ho niente da fare.	3532150	Ik heb niets te doen.
945445	Non c'era nessuno nella camera.	7814810	Er was niemand in de kamer.
10584737	Non è successo niente finora.	12159355	Tot nog toe is er niets gebeurd.
2585079	Non ci vive nessuno in questa casa.	664368	Er woont niemand in dit huis.
3535090	Tu non conosci nessuno qui.	8437829	Je kent hier niemand.
3553499	Io non mi aspetto nulla da lei.	5538811	Ik verwacht niets van u.
1217342	Tom non ha nulla da perdere.	8453869	Tom heeft niets te verliezen.
3282575	L'unica cosa che impariamo dalla storia è che non impariamo nulla dalla storia.	4263095	Het enige dat we van de geschiedenis leren, is dat we niets van de geschiedenis leren.
10584738	Non è successo nulla finora.	12159355	Tot nog toe is er niets gebeurd.
1541506	Sono convinto che non ha fatto nulla di male.	7833804	Ik ben er zeker van, dat hij niets verkeerds gedaan heeft.
3553503	Non mi aspetto niente da lei.	5538811	Ik verwacht niets van u.
4598	Non c'è nessuna soluzione.	844535	Er is geen oplossing.
2838246	Non so nulla riguardo a Linux.	2657411	Ik weet niets over Linux.
2838244	Io non so niente riguardo a Linux.	2657411	Ik weet niets over Linux.
3114638	Non mi aspetto nulla da te.	950822	Ik verwacht niets van jou.
4737499	Lo straniero non sapeva per niente il giapponese.	1521811	De buitenlander kende helemaal geen Japans.
5610853	Se non fosse stato per l'iPhone, non sarei riuscito ad imparare il giapponese.	12496570	Zonder de iPhone had ik nooit Japans kunnen leren.
3614806	Non sei per niente stupido.	3615282	Je bent helemaal niet dom.
634702	Non ci manca nulla per essere felici.	1065774	Er ontbreekt ons niets om gelukkig te zijn.
727003	L'utente non è il proprietario di questi dati salvati. Non sarà possibile salvare i progressi di gioco. I trofei verranno disattivati.	727006	Je bent geen eigenaar van dit opslagbestand. Je kunt je voortgang niet opslaan. Trofeeën zijn niet beschikbaar.
2809163	Non ha niente di caldo da bere?	6066322	Heb je iets warms te drinken?
350588	Non ho niente a che fare con ciò.	605386	Ik heb er niets mee te maken.
1752154	Qualunque cosa accada, non dirò niente a nessuno.	1916573	Wat er ook gebeurt, ik zal er niemand iets over vertellen.
8012366	Perché non c'è nessuno qui?	8438783	Waarom is er niemand hier?
3544527	"Non mentire non significa necessariamente ""di' la verità""."	11853712	"Lieg niet betekent niet noodzakelijk ""zeg de waarheid""."
3479336	Se non sei in grado di ridere di quello che fai, allora è meglio che non lo fai.	7934647	Als je niet kunt lachen om wat je doet, dan kun je het beter niet doen.
389643	Non c'è niente di prezioso come l'amore.	389854	Er is niets zo waardevol als de liefde.
426486	Non c'è nessuno seduto qui.	646290	Niemand zit hier.
367967	Non mangio né carne, né pesce, niente frutti di mare, né brodo di origine animale.	367974	Ik eet geen vlees, geen vis en geen zeevruchten, en ook geen vleesbouillon.
2687382	Non aspettavo nessun regalo.	4945941	Ik had geen geschenk verwacht.
3088056	Io non posso abbracciare Taninna. Non mi ama più.	3606645	Ik kan Taninna niet omhelzen. Ze houdt niet meer van me.
1167344	Non c'è nessun nuovo sole.	3064451	Er is geen nieuwe zon.
350397	Non fece niente di male.	580253	Hij heeft niets slechts gedaan.
2687382	Non aspettavo nessun regalo.	2687385	Ik heb geen kado verwacht.
1535323	Non c'è niente da temere.	12130640	Er valt niets te vrezen.
691447	Jingle Bells, la nota canzone del periodo natalizio, in realtà non è una canzone di Natale. Il testo non dice nulla riguardo il Natale.	4916166	„Jingle Bells”, het bekende kerstlied, heeft in werkelijkheid niets met Kerstmis te maken. In de tekst is er geen enkele verwijzing naar het kerstfeest.
508215	Il passato può solo essere conosciuto, non cambiato. Il futuro può essere solo cambiato, non conosciuto.	2920629	Het verleden kan men kennen, maar niet veranderen. De toekomst kan men veranderen, maar niet kennen.
4316651	Tu non sai niente di me.	3702050	Je weet niets over mij.
422348	So che pensi di avere capito quello che pensavi che avessi detto, ma non sono sicuro che tu abbia realizzato che quello che hai inteso non è quello che volevo dire.	422946	Ik weet dat je denkt dat je hebt begrepen wat je dacht dat ik gezegd heb, maar ik weet niet zeker of je je wel gerealiseerd hebt dat wat jij gehoord hebt niet is wat ik bedoelde.
3364153	Non c'è nessuno qui.	6275048	Er is niemand hier.
2728982	Noi abbiamo guardato il cielo, ma non abbiamo visto nessuna stella.	4219890	We keken naar de hemel maar konden geen sterren zien.
389683	Non c'è niente di più prezioso dell'amore.	389853	Er is niets waardevoller dan de liefde.
1758348	Non sembra per niente buono.	3236176	Dat ziet er helemaal niet goed uit.
6063296	Non ho mai visto nessuno morire.	6080392	Ik heb nog nooit iemand zien sterven.
5209430	Non c'è nessuno dentro.	10018926	Er is niemand binnen.
1237473	A parte le carote, non c'è nulla che non mangi.	2226280	Behalve wortelen is er niets dat hij niet eet.
963948	Le mie novità non sono importanti per quelli che non si interessano di sport.	916248	Mijn nieuws is niet belangrijk voor diegenen, die zich niet interesseren voor sport.
679264	Non li ho visti da nessuna parte.	4269569	Ik heb ze nergens gezien.
1113261	Tom non capisce per niente il francese.	4350127	Tom begrijpt helemaal niets van Frans.
1860308	Io non so per niente come giocare a golf.	4640653	Ik weet überhaupt niet hoe je golf speelt.
1246849	A causa della densa nebbia non si vedeva nessun uomo.	2811790	Door de dichte mist, was er geen mens te zien.
8562336	Non voglio vedere nessuno morire.	12326273	Ik wil niemand zien sterven.
5953693	Se non hai niente da dire, non parlare.	8210865	Als je niets te zeggen hebt, zeg dan niets.
624898	Lui non beve e non fuma.	1307936	Hij rookt noch drinkt.
1329776	Non c'è nessun dubbio.	7897987	Er is geen twijfel.
389763	Apprendiamo per esperienza che gli uomini non apprendono mai niente per esperienza.	394914	We leren uit ervaring dat mensen nooit iets leren uit ervaring.
905673	L'amichetto svogliato di Beth le ha chiesto di fargli i compiti di storia.	688880	Het luie vriendje van Beth vroeg haar zijn geschiedeniswerk te maken.
6569577	Tom vuole un modellino di treno per Natale.	9502715	Tom wil een modeltrein voor kerst.
6569577	Tom vuole un modellino di treno per Natale.	9502712	Tom wil een modeltrein voor Kerstmis.
1160411	Quel laghetto è profondo tre metri.	1011256	Deze vijver is drie meter diep.
6871496	Lui può prendere il mio motorino per qualche giorno.	11477039	Hij mag een paar dagen mijn brommer lenen.
3540719	Il ragazzino è allo zoo.	4493319	Het jongetje is in de dierentuin.
7755165	Tom mangiò un altro orsetto gommoso.	7753471	Tom at nog een gummibeer.
3628737	Io penso che valga la pena fare un tentativo.	2113237	Ik denk dat het het proberen waard is.
3298644	Lei non mi ascolta.	4146851	Ze luistert niet naar me.
3506869	A te piacciono le sorprese?	3637383	Hou je van verrassingen?
3326500	Che colore ha la neve?	11623274	Welke kleur heeft sneeuw?
2728526	Io lo so.	439266	Ik weet het.
1636912	Isabela era la mia prima ragazza.	2354722	Isabela was mijn eerste vriendin.
7496578	Ora potete attraversare la strada.	6275268	Nu kunnen jullie oversteken.
2032176	Non mi piace la scienza.	810480	Ik hou niet van wetenschap.
4350079	Amo la poesia.	7428231	Ik hou van poëzie.
5570586	Io amo la mia vita.	8176028	Ik hou van mijn leven.
4485500	Vivo la vita.	9562301	Ik leef het leven.
5187926	Non so che aspetto abbia la casa di Tom.	5188502	Ik weet niet hoe Toms huis eruitziet.
6860931	Quelle sono le macchine dei nostri insegnanti.	12743433	Dat zijn de auto's van onze leraren.
1642585	A me piace la neve.	7125897	Ik hou van sneeuw.
643225	Così è la vita.	8245166	Zo is het leven.
6822625	Sono le mie preferite.	7546268	Zij zijn mijn favoriet.
2608854	Tom mi chiamò da Boston.	8003099	Tom belde me vanuit Boston.
3801700	Tu sei la ragazza di Tom?	7555257	Ben jij Toms vriendin?
843132	Non lo so.	5963	Ik weet het niet.
3756049	Perse la vista.	2997124	Hij heeft zijn gezichtsvermogen verloren.
1071888	Sembra che la storia sia vera.	978296	Dat verhaal lijkt waar te zijn.
6443803	Mary è la tua fidanzata?	7555223	Is Maria jouw vriendin?
1246367	Curò la mia malattia.	8657438	Hij genas mijn ziekte.
634408	Era la pazienza fatta a persona.	662640	Hij was het geduld in persoon.
2687856	Ve la meritate.	9238724	Jullie verdienen het.
3842416	Anch'io me lo chiedo.	1351920	Dat vraag ik me ook af.
5570583	Amo la mia vita.	8176028	Ik hou van mijn leven.
2565214	Io conosco la vedova di Tom.	6875819	Ik ken Toms weduwe.
3544339	Lavori la domenica?	1496478	Werk je op zondag?
4955031	Io lo farò, ma ad una condizione.	1473593	Ik doe het op één voorwaarde.
3414409	Domani è la Festa della mamma.	419448	Morgen is het Moederdag.
4939434	Ho la soluzione.	9444654	Ik heb de oplossing.
1973196	Mi piace ascoltare la musica, soprattutto la musica jazz.	726495	Ik luister graag naar muziek, naar jazzmuziek boven alles.
1814032	Io studio spesso ascoltando la musica.	1329429	Vaak leer ik terwijl ik naar muziek luister.
759865	Apri la bocca.	394627	Doe je mond open.
4989987	Io conosco tutte le mie vicine.	4979697	Ik ken al mijn buren.
4513645	Io le ammiro entrambe.	8988929	Ik bewonder ze beiden.
979949	È ritornata la pace dopo tre anni di guerra.	720398	De vrede kwam terug na drie jaar oorlog.
2422715	Dove si trova la farmacia più vicina?	738641	Waar is de dichtstbijzijnde apotheek?
3681409	Io spero che la vedrò.	8573029	Ik hoop haar te zien.
4488840	Io voglio che Tom sappia la verità.	9424011	Ik wil dat Tom de waarheid weet.
2805782	Dove sono le mie foto?	6133202	Waar zijn mijn foto's?
2578470	Io te lo darò.	8208840	Ik zal het je geven.
3338426	Lei strappò la sua lettera a pezzi.	4754819	Zij scheurde zijn brief in vele stukjes.
2526284	Quando ti sei alzata?	5904895	Wanneer ben je opgestaan?
1740328	Io ho la bocca secca.	9588974	Mijn mond is droog.
1591618	Per favore, mi mandi una lettera.	723871	Stuur mij een brief alstublieft.
3642776	Io sto cercando la mia macchina fotografica.	554345	Ik ben mijn camera aan het zoeken.
6559672	Amo le lingue turciche.	9444831	Ik hou van Turkse talen.
634406	Lui era la pazienza fatta a persona.	662640	Hij was het geduld in persoon.
3579052	Io non lo conosco.	752983	Ik ken hem niet.
4086265	Lei lo sta per riprovare.	8157239	Ze zal het weer proberen.
4730790	Non ti aspettare troppo aiuto dagli altri.	8336094	Kijk niet teveel naar anderen voor hulp.
2794835	Io non lo sapevo di essere stato adottato.	5776411	Ik wist niet dat ik geadopteerd was.
1751045	Mi dispiace, io ti amo.	398789	Het spijt me, ik hou van je.
2465841	Io voglio studiare la storia.	8473415	Ik wil geschiedenis studeren.
3583097	Tom si è tolto la camicia.	3582541	Tom trok zijn hemd uit.
2996115	Non ho ancora mangiato la colazione.	822324	Ik heb nog niet ontbeten.
1553650	Io lo conosco?	582699	Ken ik hem?
8821858	Amo le lingue semitiche.	9444843	Ik hou van Semitische talen.
3975820	Le ragazze non sono le benvenute.	2783694	Meisjes zijn niet welkom.
380218	C'è una mela sopra la scrivania.	386457	Er ligt één appel op de tafel.
380816	Ho deciso di dirle che lo amo.	380825	Ik heb besloten haar te zeggen dat ik van hem hou.
1461254	Qual è la tua canzone di Natale preferita?	9491137	Wat is je favoriete kerstlied?
4733702	Chi sono gli incapaci in questa situazione?	6043997	Wie zijn de onbekwame in deze situatie?
4472496	Non ti avrei mai conosciuta.	4472498	Ik zou jou nooit hebben leren kennen.
3500176	Più lungo è il giorno, più corta è la notte.	5210339	Hoe langer de dag, hoe korter de nacht.
376617	Non mi sorprende.	379572	Het verbaast me niet.
4507478	Queste sono le domande.	8237789	Dit zijn de vragen.
2676831	Nessuno mi capiva.	2676837	Niemand begreep mij.
475624	Il caffè mi mantiene sveglio.	7244332	Koffie houdt me wakker.
11252594	Dice che le fa male la gamba sinistra.	12343663	Ze zegt dat haar linkerbeen pijn doet.
2302336	Priscilla Chan è la fidanzata di Mark Zuckerberg.	3175322	Priscilla Chan is de vriendin van Mark Zuckerberg.
1694961	L'uomo bacia la donna.	3221735	De man kust de vrouw.
766329	Ha vinto la corsa facilmente.	721787	Hij heeft de wedren gemakkelijk gewonnen.
7592657	Quanti paesi cominciano con la lettera y?	7496516	Hoeveel landen beginnen met de letter y?
636329	Dio rasi la Regina!	411101	God schere de koningin!
1308200	L'inglese è la mia lingua madre.	8449602	Engels is mijn moedertaal.
410584	Questa è la fine.	560779	Dit is het einde.
1081551	Mi ci vorrebbe una vita per spiegare tutto.	379012	Ik zou een eeuwigheid bezig zijn om alles uit te leggen.
1031099	Mi piace la lingua occitana.	1031111	Ik hou van de Occitaanse taal.
3072365	Tom e Mary ti stanno aspettando.	10081986	Tom en Maria staan op je te wachten.
1497500	E che ne dici di un caffè?	4532136	Wat denk je van een koffie?
5901787	Cerca le parole nuove nel tuo dizionario.	5462362	Zoek de nieuwe woorden op in je woordenboek.
928771	Dove andremo dopo la morte?	4653254	Waar gaan we heen na de dood?
1927929	Sentendo la notizia, impallidì.	816134	Toen hij het nieuws hoorde, werd hij bleek.
3548095	Vienna è la capitale dell'Austria.	7463167	Wenen is de hoofdstad van Oostenrijk.
4468733	Lui non ti avrà dato niente.	4468743	Hij zal je niets hebben gegeven.
3244586	Il vecchio chiamò la bambola di legno Pinocchio.	7906461	De oude man noemde de houten pop Pinokkio.
7495365	Tom dove ha messo le sue chiavi?	11068557	Waar heeft Tom zijn sleutels gelaten?
426081	Puoi spegnere la luce?	1622936	Kan je het licht uitdoen?
7138279	Tom e Mary dicono che ci penseranno.	6864577	Tom en Maria zeggen dat ze erover zullen nadenken.
2695268	Salve, mi chiamo Omid.	3390241	Goedendag, mijn naam is Omid.
4428	Come ti chiami?	406591	Hoe heet je?
741751	Sono contro la guerra.	3452863	Ik ben tegen oorlog.
11561068	Qual è la valuta della Grecia?	11561073	Wat is de munteenheid van Griekenland?
758489	Suggerisco di rimanere a casa e guardare la TV.	823040	Ik stel voor dat we thuisblijven en tv kijken.
1820811	Quanti laghi ci sono in Finlandia?	2963868	Hoeveel meren zijn er in Finland?
3784742	A loro piacciono le arance?	4278370	Houden zij van sinaasappels?
2930420	Tom amava le banane.	3959141	Tom hield van bananen.
2847662	Tom proverà a convincere Mary ad accettare la vostra offerta.	8379142	Tom zal proberen Maria ervan te overtuigen uw aanbod te aanvaarden.
2131106	A me piace la vostra città.	2131102	Ik hou van uw stad.
3526022	Non mi piace per niente.	3615288	Ik mag haar helemaal niet.
9707261	Non mi piace la neve.	11632754	Ik hou niet van sneeuw.
11616855	Chi leggerà un giorno le frasi che ho scritto?	11616862	Wie zal op een dag de zinnen lezen die ik heb geschreven?
1089221	Ne sarò sicuro solo se lo vedrò con i miei occhi.	4688144	Ik zal pas zeker zijn wanneer ik dat met mijn eigen ogen zie.
538837	Tutti gli uomini devono morire.	651633	Alle mensen moeten sterven.
2745195	Dov'era la principessa?	7462187	Waar was de prinses?
5394442	Il Nahuatl era la lingua degli aztechi.	7899109	Nahuatl was de taal van de Azteken.
378685	Hai ricevuto la mia lettera?	745087	Hebt ge mijn brief ontvangen?
391166	Se trovi 30€ nel tuo cassetto, è perché avevo delle banconote di troppo e quindi le ho lasciate da te.	391168	Als je €30 in je la vindt, dan komt dat doordat ik te veel bankbiljetten had en ze daarom bij jou gelaten heb.
1663489	La maggior parte dei bambini odiano la scuola.	3424806	De meeste kinderen haten de school.
9329733	La SARS e la MERS sono esempi di due precedenti coronavirus.	8627641	SARS en MERS zijn voorbeelden van twee eerdere coronavirussen.
1269997	La statua non ha la testa.	8292196	Het standbeeld heeft geen hoofd.
411921	Mi dia un biglietto per lo spettacolo delle 7 in punto.	412108	Geeft u mij een kaartje voor de voorstelling van zeven uur, alstublieft.
10151157	Ho catturato la mosca.	11825822	Ik heb de vlieg gevangen.
1130916	Le persone creative tendono a porre le domande migliori e ottengono quindi le risposte migliori.	1255305	Creatieve mensen zijn geneigd de beste vragen te stellen, en zo bekomen ze de beste antwoorden.
2685587	Questa è la vista dalla sua stanza.	2685604	Dit is het uitzicht vanuit haar kamer.
5573516	"Tu sai come dicono: ""Chi semina, raccoglie"". Io ho seminato vento, ed ecco la tempesta."	382084	Jullie kennen de uitdrukking, dat we oogsten wat we zaaien. Ik heb de wind gezaaid en hier is mijn storm.
493595	Il suo discorso mi ha fatto una buona impressione.	4276805	Zijn voordracht maakte een goede indruk op me.
12706378	Non ho mai visto niente di simile.	12799871	Ik heb nooit iets dergelijks gezien.
12706379	Non capisco niente di quello che stai dicendo.	12799872	Ik begrijp niets van wat je zegt.
12706380	Non faccio mai nulla senza pensarci prima.	12799873	Ik doe nooit iets zonder er eerst over na te denken.
12706381	Non c'è niente che possa fermarci.	12799874	Er is niets dat ons kan stoppen.
12706382	Non voglio vedere mai più nessuno di loro.	12799875	Ik wil nooit meer iemand van hen zien.
12706383	Non ho mai detto niente di simile.	12799876	Ik heb nooit zoiets gezegd.
12706384	Non ci sarà nessuno al lavoro domani.	12799877	Er zal morgen niemand op het werk zijn.
12706385	Non ho mai avuto niente di così bello.	12799878	Ik heb nooit iets zo moois gehad.
12706386	Non possiamo più fare nulla per aiutarti.	12799879	We kunnen niets meer doen om je te helpen.
12706387	Non voglio sapere niente di questa storia.	12799880	Ik wil niets weten van dit verhaal.
12706388	Non siamo mai stati in nessun posto così tranquillo.	12799881	We zijn nooit op een rustigere plek geweest.
12706389	Non c'è nessuno che sappia fare questo lavoro.	12799882	Er is niemand die dit werk kan doen.
12706390	Non ho mai ricevuto niente da nessuno.	12799883	Ik heb nooit iets van iemand gekregen.
12706391	Non ho visto nessuno durante il tragitto.	12799884	Ik heb niemand gezien onderweg.
12706392	Non c'è mai stato niente di più difficile.	12799885	Er is nooit iets moeilijkers geweest.
12706393	Non ho mai conosciuto nessuno come te.	12799886	Ik heb nooit iemand zoals jij ontmoet.
12706394	Non mi interessa più sapere nulla su di loro.	12799887	Ik ben niet meer geïnteresseerd om iets over hen te weten.
12706395	Non c'è niente che mi possa far cambiare idea.	12799888	Er is niets dat mij van gedachten kan veranderen.
12706396	Non c'è niente di cui preoccuparsi.	12799889	Er is niets om je zorgen over te maken.
12706397	Ho comprato un panino al prosciutto.	12799890	Ik heb een broodje met ham gekocht.
12706398	Guarda quel gattino, è così carino!	12799891	Kijk naar dat katje, het is zo schattig!
12706399	Quel libretto è davvero interessante.	12799892	Dat boekje is echt interessant.
12706400	Ho visto un omone enorme al mercato.	12799893	Ik heb een enorme man op de markt gezien.
12706401	Questo cagnolino è adorabile.	12799894	Dit hondje is schattig.
12706402	Il vecchietto cammina lentamente.	12799895	Het oude mannetje loopt langzaam.
12706403	Questo vestitino è perfetto per l'estate.	12799896	Dit jurkje is perfect voor de zomer.
12706404	Hai visto il filmone al cinema?	12799897	Heb je de geweldige film in de bioscoop gezien?
12706405	Il porticino era aperto.	12799898	Het kleine deurtje stond open.
12706406	Quel ragazzaccio è sempre nei guai.	12799899	Die schoffie is altijd in de problemen.
12706407	Abbiamo preso un appartamentino carino.	12799900	We hebben een leuk klein appartementje genomen.
12706408	Quel giocattolino è rotto.	12799901	Dat speeltje is kapot.
12706409	Questo alberone è bellissimo in primavera.	12799902	Deze grote boom is prachtig in de lente.
12706410	Hai visto quella macchinina rossa?	12799903	Heb je dat rode autootje gezien?
12706411	Il topolino correva nella stanza.	12799904	Het muisje rende door de kamer.
12706412	La ragazzina è molto intelligente.	12799905	Het meisje is erg intelligent.
12706413	Ha fatto un lavoraccio, ma è finito!	12799906	Hij heeft een rotklus gedaan, maar het is klaar!
12706414	Questo stanzino è troppo piccolo per noi.	12799907	Dit kamertje is te klein voor ons.
12706415	Quel negozietto ha cose interessanti.	12799908	Dat winkeltje heeft interessante dingen.
12706416	Il gattone dorme sul divano tutto il giorno.	12799909	De grote kat slaapt de hele dag op de bank.
12706417	Quel fiumicello è davvero pittoresco.	12799910	Dat beekje is echt schilderachtig.
12706418	Il bambinello dorme nella culla.	12799911	Het babytje slaapt in de wieg.
12706419	Hai visto quel casone sulla collina?	12799912	Heb je dat grote huis op de heuvel gezien?
12706420	Questo dolcetto è delizioso.	12799913	Dit snoepje is heerlijk.
12706421	La donnina parla con tutti al mercato.	12799914	Het vrouwtje praat met iedereen op de markt.
12706422	Ho comprato un anellino d’oro.	12799915	Ik heb een gouden ringetje gekocht.
12706423	Quel ragazzino è davvero educato.	12799916	Dat jongetje is echt beleefd.
12706424	Hai preparato una zuppona per cena?	12799917	Heb je een grote soep voor het avondeten gemaakt?
12706425	Il boschetto vicino al lago è incantevole.	12799918	Het bosje naast het meer is betoverend.
12706426	Il ponticello è molto vecchio.	12799919	Het bruggetje is erg oud.
12706427	Quel librone pesa un sacco!	12799920	Dat grote boek weegt veel!
12706428	Questo occhialino è perfetto per leggere.	12799921	Deze kleine bril is perfect om te lezen.
12706429	La fontanella nel giardino è rotta.	12799922	Het fonteintje in de tuin is kapot.
12706430	Hai visto quel paesino in montagna?	12799923	Heb je dat kleine dorpje in de bergen gezien?
12706431	Ho trovato un pesciolino nel fiume.	12799924	Ik heb een visje in de rivier gevonden.
12706432	Questo cappottino è adatto per l’inverno.	12799925	Deze jas is geschikt voor de winter.
12706433	La stanzona era piena di gente.	12799926	De grote kamer was vol met mensen.
12706434	Ho ricevuto un pacchettino da mia zia.	12799927	Ik heb een pakje van mijn tante ontvangen.
12706435	Quel fiorellino è così fragile.	12799928	Dat bloemetje is zo fragiel.
12706436	Il mare oggi è un po’ mosso, ma splendido.	12799929	De zee is vandaag een beetje ruw, maar prachtig.
12706437	Il mio fratellino è andato a scuola.	12799930	Mijn broertje is naar school gegaan.
12706438	Questo cavallino è molto veloce.	12799931	Dit paardje is erg snel.
12706439	Ho visto un uccellino sul ramo.	12799932	Ik heb een vogeltje op de tak gezien.
12706440	La finestrella era aperta.	12799933	Het kleine raampje stond open.
12706441	Abbiamo giocato in un campetto di calcio.	12799934	We hebben op een klein voetbalveldje gespeeld.
12706442	Hai preparato una tortona per la festa?	12799935	Heb je een grote taart voor het feest gemaakt?
12706443	Il poverino è caduto dalla bicicletta.	12799936	Het arme mannetje is van de fiets gevallen.
12706444	Quel ragazzino ha un cuore gentile.	12799937	Dat jongetje heeft een vriendelijk hart.
12706445	Il caminetto scoppiettava nella stanza.	12799938	De open haard knetterde in de kamer.
12706446	Questo fiorellone cresce molto velocemente.	12799939	Deze grote bloem groeit erg snel.
12706447	Ho trovato un sassolino sulla spiaggia.	12799940	Ik heb een steentje op het strand gevonden.
12706448	Il trenino è pronto per partire.	12799941	Het treintje staat klaar om te vertrekken.
12706449	Questo cucchiaio è troppo piccolo, sembra un cucchiaino.	12799942	Deze lepel is te klein, het lijkt een lepeltje.
12706450	Quel disegnino sul muro è molto carino.	12799943	Die tekening op de muur is erg schattig.
12706451	Ho visto un cagnone al parco.	12799944	Ik heb een grote hond in het park gezien.
12706452	Il soldatino è caduto sul pavimento.	12799945	Het soldaatje is op de vloer gevallen.
12706453	Quel cavallone al galoppo era bellissimo.	12799946	Dat grote paard in galop was prachtig.
12706454	Hai visto il palloncino che vola?	12799947	Heb je de ballon zien vliegen?
12706455	La casetta nel bosco sembra magica.	12799948	Het huisje in het bos lijkt magisch.
12706456	Il maialino gioca nel fango.	12799949	Het varkentje speelt in de modder.
12706457	Il mio cuginetto ama i giocattoli.	12799950	Mijn neefje houdt van speelgoed.
12706458	Abbiamo trovato un posticino tranquillo.	12799951	We hebben een rustig plekje gevonden.
12706459	Quel bambinone mangia tanto!	12799952	Dat grote jongetje eet veel!
12706460	Ho preparato un caffettino per te.	12799953	Ik heb een klein kopje koffie voor je gemaakt.
12706461	La donnaccia è molto antipatica.	12799954	De vervelende vrouw is erg onaardig.
12706462	Questa camicetta ti sta benissimo.	12799955	Dit bloesje staat je geweldig.
12706463	Il pesciolone è saltato fuori dall’acqua.	12799956	De grote vis sprong uit het water.
12706464	Il viottolo porta al villaggio.	12799957	Het smalle paadje leidt naar het dorp.
12706465	Quel pasticcino è irresistibile.	12799958	Dat gebakje is onweerstaanbaar.
12706466	Abbiamo visto un orsetto nello zoo.	12799959	We hebben een beertje in de dierentuin gezien.
12706467	Questo maglione è molto caldo.	12799960	Deze grote trui is erg warm.
12706468	Il topolone ha rubato del formaggio.	12799961	De grote muis heeft kaas gestolen.
12706469	Hai trovato quel cappellino che cercavi?	12799962	Heb je dat hoedje gevonden dat je zocht?
12706470	Quella scatoletta contiene biscotti.	12799963	Dat kleine doosje bevat koekjes.
12706471	Il fiumone è in piena dopo le piogge.	12799964	De grote rivier is vol na de regen.
12706472	Ho dipinto un quadretto per la cucina.	12799965	Ik heb een schilderijtje voor de keuken gemaakt.
12706473	Quel porcello è davvero sporco.	12799966	Dat varkentje is echt vies.
12706474	Abbiamo preso una birretta insieme.	12799967	We hebben samen een biertje gedronken.
12706475	Questa letterina è per Babbo Natale.	12799968	Deze briefje is voor de Kerstman.
12706476	La donnina anziana cammina nel parco.	12799969	Het oude vrouwtje loopt in het park.
12706477	Il mio micino dorme sulla poltrona.	12799970	Mijn poesje slaapt op de stoel.
12706478	Abbiamo trovato una casettina vicino al lago.	12799971	We hebben een klein huisje bij het meer gevonden.
12706479	Quel libraccio è pieno di errori.	12799972	Dat slechte boek staat vol fouten.
12706480	Ho comprato un motorino usato.	12799973	Ik heb een tweedehands brommertje gekocht.
12706481	Il mare oggi è come uno specchietto.	12799974	De zee is vandaag zo glad als een spiegeltje.
12706482	Quel canarino canta tutto il giorno.	12799975	Die kanarie zingt de hele dag.
12706483	Ho fatto un regalino per il tuo compleanno.	12799976	Ik heb een cadeautje voor je verjaardag gemaakt.
12706484	Abbiamo attraversato un ponticello di legno.	12799977	We zijn een houten bruggetje overgestoken.
12706485	Quel cannone faceva un rumore fortissimo.	12799978	Dat grote kanon maakte een heel hard geluid.
12706486	Il mio nonnino racconta sempre storie interessanti.	12799979	Mijn opa vertelt altijd interessante verhalen.
12706487	Ho visto un topolino correre sotto il tavolo.	12799980	Ik zag een muisje onder de tafel rennen.
12706488	Questo zuccherino è per te.	12799981	Dit suikerklontje is voor jou.
12706489	Quel tavolone è difficile da spostare.	12799982	Die grote tafel is moeilijk te verplaatsen.
12706490	La borsetta è nuova e molto elegante.	12799983	Het tasje is nieuw en erg elegant.
12706491	Ho preparato un panettone per Natale.	12799984	Ik heb een kerstcake gemaakt.
12706492	Il ragazzone gioca nella squadra locale.	12799985	De grote jongen speelt in het lokale team.
12706493	Questo alberello è stato piantato ieri.	12799986	Dit boompje is gisteren geplant.
12706494	Abbiamo trovato un angolino tranquillo per parlare.	12799987	We hebben een rustig hoekje gevonden om te praten.
12706495	Quel bicchierino è troppo piccolo per il vino.	12799988	Dat glaasje is te klein voor de wijn.
12706496	Il pappagallino impara a parlare.	12799989	Het papegaaitje leert praten.
12706497	Quel bambinello è molto curioso.	12799990	Dat kleine jongetje is erg nieuwsgierig.
12706498	Abbiamo preso una stanzetta per il weekend.	12799991	We hebben een kamertje voor het weekend genomen.
12706499	La fontanella del parco non funziona.	12799992	Het fonteintje in het park werkt niet.
12706500	Questo cestino è pieno di frutta.	12799993	Dit mandje zit vol fruit.
12706501	Ho letto un articoletto interessante.	12799994	Ik heb een interessant artikeltje gelezen.
12706502	Il monticello è coperto di neve.	12799995	Het heuveltje is bedekt met sneeuw.
12706503	Quel capannone è usato come magazzino.	12799996	Die grote loods wordt als magazijn gebruikt.
12706504	Ho trovato un sassolino bianco sulla strada.	12799997	Ik heb een wit steentje op de weg gevonden.
12706505	Il pesciolino nuota felice nell’acquario.	12799998	Het visje zwemt vrolijk in het aquarium.
12706506	Quel fiorellino è così delicato.	12799928	Dat bloemetje is zo fragiel.
12706507	La vecchietta racconta storie del passato.	12799999	Het oude vrouwtje vertelt verhalen uit het verleden.
12706508	Quel giornalino è per bambini.	12800000	Dat krantje is voor kinderen.
12706509	Il lettino è perfetto per il bambino.	12800001	Het bedje is perfect voor de baby.
1510854	Il muro è spesso due metri.	883999	De muur is twee meter dik.
11577857	Mia nonna era una donna saggia.	11577864	Mijn oma was een wijze vrouw.
381885	Perché piangi?	392687	Waarom huil je?
3688901	Chi ha vinto?	4707824	Wie heeft gewonnen?
8762676	Riconobbi la sua voce.	8764069	Ik herkende haar stem.
4502512	Qualcuno sta cantando.	8722166	Iemand zingt.
11683618	Non ho mai sbandierato il mio orientamento sessuale.	12473958	Ik heb mijn seksuele geaardheid nooit aan de grote klok gehangen.
2792784	Noi vediamo cosa ci aspettiamo di vedere.	2795347	We zien wat we verwachten te zien.
2829348	Lui è un buongustaio.	4462689	Hij is een lekkerbek.
828671	Ho un amico in Inghilterra.	581259	Ik heb een vriend in Engeland.
5529051	Prometto che sarà felice.	6136816	Ik beloof dat je gelukkig zult zijn.
5077043	Tutti odiano Tom.	7533056	Iedereen haat Tom.
1928728	Tutte le palle sono gialle.	7770078	Alle ballen zijn geel.
6689300	Avrei potuto aiutare.	8373427	Ik had kunnen helpen.
1989155	Ti dirò di più sul Giappone.	650111	Ik zal je meer vertellen over Japan.
663056	La mia lingua madre è il giapponese.	403207	Mijn moedertaal is Japans.
350446	Il cliente ha sempre ragione.	450295	De klant heeft altijd gelijk.
2805513	Qual è la data di oggi?	387091	Welke datum is het vandaag?
4481525	Credevo che la chiave aprisse tutto.	4481527	Ik dacht dat de sleutel alles kon openen.
3592013	La storia di Roma è molto interessante.	7906244	De geschiedenis van Rome is erg interessant.
12483305	I suoi genitori sono della Spagna.	12496559	Zijn ouders komen uit Spanje.
10836945	Questo era troppo grande.	10836950	Dat was te groot.
1231819	No, papà!	1678347	Nee, papa.
4668464	Io sto scrivendo per esprimere la mia insoddisfazione.	4668481	Ik schrijf om mijn ongenoegen te uiten.
11470892	La prova è oggi.	11470899	De repetitie is vandaag.
4387698	Come sono state costruite le piramidi?	7462352	Hoe werden de piramides gebouwd?
6063334	Che giochi hai?	7729159	Welke spellen heb je?
5523148	Lei ballava con lui.	7908528	Ze danste met hem.
715654	Quella stanza non è molto grande.	845099	Deze kamer is niet zo groot.
1725892	Ma tutto ciò cos'ha a che fare con Tatoeba?	1727076	Maar wat heeft dat allemaal te doen met Tatoeba?
380622	È un girasole.	3609981	Dat is een zonnebloem.
2804509	Ho diritto a chiamare il mio avvocato.	3785338	Ik heb het recht mijn advokaat op te bellen.
2699570	Tom non ha bisogno degli occhiali.	7948110	Tom heeft geen bril nodig.
2680751	Qualcuno mi ha salvato la vita.	8538474	Iemand heeft mijn leven gered.
1807214	Il greco è difficile da imparare.	8223749	Grieks is moeilijk te leren.
4441695	In prossimità dell'Orsa Maggiore si trova Arturo, una stella gigante rossa.	4442100	In de nabijheid van de Grote Beer bevindt zich Arcturus, een rode reus.
1322188	Il pane è nel forno.	1484108	Het brood zit in de oven.
1471237	Dove sono le mie sigarette?	1476019	Waar zijn mijn sigaretten?
3091127	Dove pranzerai?	3535226	Waar ga je lunchen?
1642522	Un giornale ci dice che cosa sta succedendo nel mondo.	3740602	Een krant vertelt ons wat er gebeurt in de wereld.
527202	Non è lontano da qui.	11026433	Het is niet ver van hier.
1088010	Natasha è un nome russo.	2098143	Natasja is een Russische naam.
1852981	Un momento!	7550253	Momentje!
433047	No, grazie.	813613	Nee, dank u.
1730871	C'è un freddo cane.	709706	Het is bitter koud.
3154299	Tom è sorprendentemente sensibile al freddo.	3060224	Tom is verrassend gevoelig voor de kou.
1062215	Vivrò per un mese da mio zio.	3166508	Gedurende een maand zal ik bij mijn oom wonen.
2685415	Hai già le valigie pronte.	2685417	Je hebt de bagage al gepakt.
724420	L'esame che ha fatto la settimana scorsa era molto difficile.	709724	Het examen dat hij vorige week afgelegd heeft was uiterst moeilijk.
4265833	Tom è single?	8563088	Is Tom vrijgezel?
1541410	Eri ironico?	4911518	Ben je ironisch?
4474124	Perché non ci è stata detta la verità?	4514761	Waarom vertelde men ons de waarheid niet?
7744268	Era un'esperienza nuova per tutti.	10046736	Het was voor iedereen een nieuwe ervaring.
2515920	L'America ha dei nemici.	7926530	Amerika heeft vijanden.
1642554	Sa guidare?	7814809	Kunt u rijden?
1113164	Tom non parla francese.	6838420	Tom spreekt geen Frans.
8493216	Non posso lavorare domani.	5931232	Ik kan morgen niet werken.
1687518	È la ragazza dei miei sogni.	3778732	Ze is het meisje van mijn dromen.
900469	Il discorso del politico era offensivo.	12613869	De toespraak van de politicus was beledigend.
375608	Bob e Tom sono fratelli.	1033215	Bob en Tom zijn broers.
791102	In ogni caso, non mi piace.	1866526	Hoe dan ook, dit bevalt me niet.
1677520	Sono appena tornato dall'ufficio postale.	3175531	Ik ben net terug van het postkantoor.
705879	Quella ragazza che indossa una sciarpa è vergine.	2191336	Dat meisje dat een sjaal draagt, is maagd.
6581736	È la mia sedia preferita.	7546295	Dat is mijn lievelingsstoel.
2808087	Sono le otto.	9009904	Het is acht uur.
6922884	Mary ha un marito?	12397690	Heeft Maria een echtgenoot?
1054516	Dov'è la scuola?	1054515	Waar is de school?
479911	Sumatra è un'isola.	480971	Sumatra is een eiland.
920669	Qual è più grande, il sole o la terra?	421712	Welke is groter, de zon of de aarde?
6722651	Il libro è rosa.	7971442	Het boek is roze.
1611044	Questa non è una pipa.	8987057	Dit is geen pijp.
5765858	Leanne ha gli occhi azzurri.	7913867	Leanne heeft blauwe ogen.
5163244	Era gratis.	7800799	Dat was gratis.
11864568	Ha risposto alla domanda.	11864587	Hij beantwoordde de vraag.
7369026	Tom ha piantato un albero.	9101636	Tom heeft een boom geplant.
3792516	L'uomo si lava i denti.	11167169	De man poetst zijn tanden.
11480831	Spero che il mio cellulare venga ritrovato presto.	11480836	Ik hoop dat mijn mobiel snel gevonden wordt.
1948358	Il leone è il re degli animali.	5774279	De leeuw is de koning van de dieren.
11852822	Abbiamo visto molti animali nella foresta.	11925203	We hebben veel dieren in het bos gezien.
618103	Ciò non ha alcun senso.	705038	Daar is kop noch staart aan te krijgen.
2191923	Vive in una piccola casa accogliente.	868948	Hij woont in een klein gerieflijk huis.
3869293	Posso andare da Venezia a Milano senza cambiare treno?	4186166	Kan ik van Venetië naar Milaan rijden zonder over te stappen?
4468358	Sì, ma che succede dopo la caduta?	4468362	Ja, maar wat gebeurt er na de ondergang?
4858950	Non era pericoloso?	7699146	Was dat niet gevaarlijk?
621832	Sei fortunato. L'aereo è in orario.	7752491	Je hebt geluk. Het vliegtuig is op tijd.
2617724	Tom è il vicino di Mary.	8009987	Tom is Maria's buurman.
5949298	Io fumo.	7673686	Ik ben aan het roken.
7107348	Tom fuma?	7162046	Rookt Tom?
2822479	Grazie, Jesus.	8982970	Bedankt, Jezus.
2620271	Tom è molto pericoloso.	7699066	Tom is heel gevaarlijk.
2190598	Tom sta aiutando.	7798966	Tom is aan het helpen.
7047678	Ho comprato delle banane.	7047414	Ik heb bananen gekocht.
4522949	Da quando?	1624328	Sinds wanneer?
611886	Vogliamo frasi complete.	614365	We willen volledige zinnen.
1750778	Naoko nuota.	8579618	Naoko zwemt.
610264	Mi mancano tre anni alla pensione.	12204252	Ik ben nog drie jaar verwijderd van mijn pensioen.
11472608	"Il mio quadro preferito è ""Il bacio""."	11472627	Mijn favoriete schilderij is De Kus.
375126	Questo condizionatore consuma molta corrente.	377303	Deze airconditioner verbruikt veel elektriciteit.
6545043	Una barca si capovolse.	9752694	Een boot kapseisde.
4272790	Non c'è altro modo.	3449651	Het kan niet anders.
609631	Il poliziotto ha puntato la sua pistola contro l'uomo.	418276	De politieagent richtte zijn pistool op de man.
2428129	Quel bambino ha pochi amici.	3266496	Dat kind heeft maar een paar vrienden.
3756205	Qual è il suo colore preferito?	5750063	Welke is uw lievelingskleur?
4122461	Dalla seconda lettera di San Paolo.	4145379	Uit de tweede brief van Sint-Paulus.
4515675	È ora di svegliare Tom.	8223702	Het is tijd om Tom wakker te maken.
7124166	Il rock and roll è la mia vita.	9743586	Rock-'n-roll is mijn leven.
3548111	Copenhagen è la capitale della Danimarca.	7488052	Kopenhagen is de hoofdstad van Denemarken.
11148539	Gli animali mangiano le arance?	12378305	Eten dieren sinaasappels?
5536505	Siamo soddisfatti del risultato.	12732354	We zijn blij met het resultaat.
1255447	È morta.	1552151	Ze is dood.
612176	L'incidente è avvenuto venerdì.	8223735	Het ongeluk vond op vrijdag plaats.
2189173	Tentò invano di sollevare la pietra.	2800513	Hij probeerde tevergeefs de steen op te tillen.
1018003	Lei soffre di una malattia contagiosa.	1182936	Ze lijdt aan een besmettelijke ziekte.
1075437	La Cina è più grande del Giappone.	758671	China is groter dan Japan.
3782544	Basilico, salvia, rosmarino, timo e origano sono erbe popolari.	7344587	Basilicum, salie, rozemarijn, tijm en oregano zijn populaire kruiden.
2865611	I pellicani hanno il becco grande.	2865609	Pelikanen hebben grote snavels.
7237824	Vidi un ippopotamo allo zoo.	8738919	Ik zag een nijlpaard in de dierentuin.
4897288	I ragni non sono insetti ma aracnidi.	7536334	Spinnen zijn geen insecten maar spinachtigen.
439940	Preferisco il caffè al tè.	737710	Ik heb liever koffie dan thee.
2764111	Questi libri sono vecchi.	7906273	Deze boeken zijn oud.
350284	Nel judo la tecnica è più importante della forza.	12449240	Bij judo is techniek belangrijker dan kracht.
379773	Ero abituato al caldo.	1559540	Ik was gewend aan de hitte.
650462	Non ho vinto ma sono arrivato secondo.	650501	Ik ben niet gewonnen, maar was wel tweede.
2552593	Conti fino a dieci.	4450489	Tom ligt ziek in bed.
884241	Per quanto ne so, non c'è una parola così.	473360	Voor zover ik weet bestaat zo'n woord niet.
1326318	Non è proprio una sorpresa, no?	380274	Dat is niet echt een verrassing toch?
4208675	Ci sono degli scorpioni in Germania?	7926785	Zijn er schorpioenen in Duitsland?
435589	John è nato negli Stati Uniti.	6077463	John werd in de Verenigde Staten geboren.
610086	Ometti le parole inutili.	1090337	Laat onnodige woorden weg!
5067301	No, non capisco.	6814877	Nee, ik begrijp het niet.
3630965	Il club ha trenta membri.	437988	De club heeft dertig leden.
417519	Io sono un gatto. Non ho ancora un nome.	640091	Ik ben een kat. Ik heb nog geen naam.
3535129	Il mio orgoglio non è ferito.	8437894	Mijn trots is niet gekrenkt.
2685933	Perché avete fermato solo gli stranieri?	2685939	Waarom heb je alleen de vreemdelingen gestopt?
2128574	Sei allergico a questo medicinale?	6089230	Reageer je allergisch op dit geneesmiddel?
3588336	Il suo piano sembra ottimo.	690847	Uw plan klinkt uitstekend.
2692205	Non giocare con i suoi sentimenti!	2692210	Speel niet met haar gevoelens!
664277	Lui ha più di cinque dizionari.	663498	Hij heeft meer dan vijf woordenboeken.
3874064	Questa nave è diretta a Vancouver.	1497631	Dit schip vaart naar Vancouver.
2520826	Che donna egoista!	2655540	Wat een egoïstische vrouw!
814066	Ho smesso di fumare.	418780	Ik ben gestopt met roken.
5653398	Prenda un uovo dal frigo.	991462	Neem een ei uit de koelkast.
975420	Ordiniamo due bottiglie.	975411	Laten we twee flessen bestellen.
388797	Perché non vieni con noi?	7987238	Waarom kom je niet met ons mee?
2798887	Credevo che fosse un dottore.	6086664	Ik geloofde dat hij een arts was.
2515113	È triste ma vero.	7992994	Treurig, maar waar!
5980594	Questo è il mio ombrello.	7460019	Dit is mijn paraplu.
914232	Per favore, mi mostri queste foto.	394620	Kunt u me deze foto's laten zien, alstublieft?
119812	Ciao, Tom.	857984	Hallo, Tom.
1964333	Ha la possibilità di lavorare!	4274397	Hij heeft de mogelijkheid om te werken!
839445	La partita di calcio è domani.	9364743	Morgen is de voetbalwedstrijd.
1169232	Il cane è rosso.	7770028	De hond is rood.
3564204	Tom è il mio fratellastro.	6046779	Tom is mijn halfbroer.
3591981	Il vino viene prodotto a partire dall'uva.	2994532	Wijn wordt van druiven gemaakt.
7314866	Tom è il perfetto capro espiatorio.	12269768	Tom is de perfecte zondebok.
390061	Dov'è il dentifricio?	473345	Waar is de tandpasta?
1286667	Sono gli unici due studenti che imparano il cinese.	3174971	Zij zijn de twee enige studenten die Chinees leren.
4509402	Volevano rubare la macchina.	4509404	Ze wilden de auto stelen.
4709147	Finirò questo lavoro in qualche modo.	413569	Ik zal dit werk op een of andere manier afmaken.
3495733	Tom odiava Mary.	7499696	Tom haatte Maria.
1708375	Sono le tre meno un quarto.	9286821	Het is kwart voor drie.
1741384	Io provavo a parlare in cinese e il signor Wang provava a parlare in francese.	1714206	Ik probeerde in het Chinees te praten en mijnheer Wang probeerde in het Frans te praten.
8967444	È il signor Jones.	9758670	Hij is meneer Jones.
922399	Coontinuò a leggere il suo libro come se non fosse successo niente.	675904	Hij bleef in zijn boek lezen alsof er niets gebeurd was.
662738	Ci sono alcuni negozi vicino a casa mia.	9364612	Er zijn een paar winkels naast mijn huis.
424387	Jimmy conosce tutto sulle macchine.	4266035	Jimmy weet alles over auto's.
392519	Che Dio salvi la regina.	1176758	God beware de koningin.
2710571	La gioielleria è aperta.	3787333	De juwelier is open.
5390754	I prezzi variano in base alla posizione.	5383389	De prijzen variëren al naargelang de plaats.
3630672	Oggi sono online.	4903857	Ik ben vandaag online.
5833398	Questa è una statua di Mercurio.	7907112	Dit is een standbeeld van Mercurius.
483321	Sei il mio raggio di sole.	699760	Ge zijt mijn zonnetje.
2162599	Quella ha qualcosa a che fare con questo problema.	6115137	Dat heeft iets met dit probleem te maken.
8900301	Dicono che non lo faranno più.	11307905	Ze zeggen dat ze dat niet meer zullen doen.
878476	La batteria è quasi scarica!	397067	De batterij is leeg!
4569491	Le persone cambiano.	8102425	Mensen veranderen.
5709764	Non guardarti mai indietro.	9259771	Kijk nooit achterom.
5973940	La stazione era deserta.	4671050	Het station was verlaten.
1308320	Dice che verrà domani.	3610157	Ze zegt dat ze morgen komt.
2615566	Nel mezzo del cammin di nostra vita mi ritrovai per una selva oscura, ché la diritta via era smarrita.	11023495	In het midden van ons levenspad gekomen, kwam ik tot bezinning in een donker bos, want ik had niet de rechte weg genomen.
1666968	I nostri dei sono morti.	9285688	Onze goden zijn dood.
1086132	Andò a letto presto.	449422	Hij ging vroeg naar bed.
3165334	La felicità è un miraggio.	10891138	Geluk is een hersenschim.
984709	Gli uccelli stanno cantando sugli alberi.	854611	De vogels zingen in de bomen.
7889433	Quale browser è il tuo preferito?	11562094	Wat is jouw favoriete browser?
4731543	Il movente per l'omicidio non è ancora noto.	1440452	Het motief voor de moord is nog niet bekend.
2932776	Joshua è gay.	7323748	Joshua is homo.
4001716	Mi riesce a chiamare un taxi?	481120	Kunt u een taxi voor me bestellen?
1255462	Tom è pigro.	7499667	Tom is lui.
772303	Studia il cinese.	597221	Hij studeert Chinees.
2676073	Mia madre mise la torta nel frigorifero.	2676077	Mijn moeder heeft de taart in de koelkast gelegd.
2013724	Abbiamo scoperto l'acqua calda!	3267062	We hebben het warm water uitgevonden!
3548109	Vilnius è la capitale della Lituania.	7463152	Vilnius is de hoofdstad van Litouwen.
4952142	Mio padre vive in campagna.	1048748	Mijn vader leeft op de buiten.
4556891	Stupidaggini!	4576488	Onzin!
7479253	Tom pranza vicino all'ufficio dove lavora.	7281498	Tom luncht vlak bij het kantoor waar hij werkt.
607364	Ciao!	537889	Hoi.
12150774	Mary ha parlato della sua scuola.	12343798	Mary praatte over haar school.
2838196	I giapponesi sono asiatici.	8758849	Japanners zijn Aziaten.
2862883	Bisogna scegliere bene le parole chiave.	4511224	Je moet de trefwoorden precies kiezen.
5592276	Il lago è inquinato.	7523281	Het meer is vervuild.
6871406	Usate la lingua internazionale (esperanto).	11908091	Gebruik de internationale taal (Esperanto).
5399933	Tom è un testimone oculare?	9779894	Is Tom een ​​ooggetuige?
3633833	Quanti anni hanno i vostri figli?	602160	Hoe oud zijn jullie kinderen?
726448	Quando comincia lo spettacolo?	2775402	Hoe laat begint de voorstelling?
2702415	Tom non vuole andare.	3627351	Tom wil niet gaan.
10311316	Il dieci per cento della popolazione non lavora.	12405452	Tien procent van de bevolking werkt niet.
6550861	Ho visto Tom.	7314940	Ik zag Tom.
899251	Mi vergogno della infingardaggine di mio figlio.	704838	Ik ben beschaamd over de luiheid van mijn zoon.
3626131	Questi sono gli scarponi da sci di Tom.	7487257	Dit zijn Toms skischoenen.
4532801	Tom e Mary hanno una figlia.	8493882	Tom en Mary hebben een dochter.
3532498	Cosa stiamo facendo qui?	9476502	Wat doen we hier?
5827147	Continua a sognare!	7959716	Blijf dromen!
11608464	Tutti devono morire un giorno.	11608402	Iedereen moet eens sterven.
581911	Suo padre è giapponese.	581917	Zijn vader is Japans.
5061881	È chiaramente inevitabile.	8556713	Dat is duidelijk niet te vermijden.
4333777	Non c'è alcun errore.	745104	Er is geen fout.
373837	È nuovo.	650013	Het is nieuw.
429836	Lui è fotogenico.	444530	Hij is fotogeniek.
11387211	Il gatto stava toccando il topo con la zampa.	11388269	De kat raakte de muis met haar poot aan.
11576055	Tutti rispettano l'imperatore.	11576064	Allen respecteren de keizer.
4741909	Loro proveranno.	8775728	Zij zullen proberen.
377632	Il simbolo chimico H significa idrogeno.	3270200	Het scheikundige symbool H duidt op waterstof.
662812	Hai capito quello che lui ha detto?	662699	Heb jij begrepen wat hij zei?
2596753	Sì, lo so.	12160751	Ja, dat weet ik.
3271849	Mélanie pensa che si metterà a piovere.	3162217	Melanie denkt dat het gaat regenen.
745289	Rise.	377933	Hij lachte.
6451891	Tom sapeva che Mary era infelice.	9082943	Tom wist dat Mary ongelukkig was.
1537647	Mi leggi nel pensiero.	2692175	Je leest mijn gedachten.
386320	Sono cugini, se ricordo bene.	846517	Ze zijn neven, als ik het me goed herinner.
1520761	Sono sempre fiero della mia famiglia.	749398	Ik ben altijd trots op mijn familie.
10154349	Nel nome del Padre, del Figlio e dello Spirito Santo.	12131910	In de naam van de Vader, en van de Zoon, en van de Heilige Geest.
6057498	Ho sentito che Tom mi stava cercando.	12288766	Ik hoorde dat Tom me zocht.
835356	Ha confrontato la sua macchina con una nuova.	8506515	Hij vergeleek zijn auto met het nieuwe model.
2920774	Mia sorella è più giovane di me.	3536150	Mijn zus is jonger dan ik.
399716	Questa è mia madre.	9075348	Dit is mijn moeder.
2477961	Hai mai piantato un albero?	7706652	Heb je ooit een boom geplant?
3816072	Tom vuole dell'acqua.	11898285	Tom wil water.
11392132	La situazione è difficile.	11392149	De situatie is moeilijk.
625229	Quali sono i vantaggi e gli svantaggi di essere giovane?	850741	Welke voor- en nadelen heeft het jong zijn?
2029005	È molto riservato su ciò che riguarda la sua vita in famiglia.	736245	Hij is heel discreet over zijn gezinsleven.
837803	Tu sei una persona.	706607	Gij zijt een persoon.
3537229	I gatti uccidono i topi.	3959221	Katten doden ratten.
3836887	Tom è entusiasta.	7487413	Tom is enthousiast.
5351719	Tom sta sorvegliando.	10976908	Tom houdt toezicht.
1539960	Guardò fuori dalla finestra.	850656	Hij keek uit het raam.
9289288	Ha detto che era daltonico.	7684256	Hij zei dat hij kleurenblind was.
1819449	Hai la mia parola.	12021613	Je hebt mijn woord.
399874	C'era una grande stella d'oro sulla porta.	402391	Er stond een grote gouden ster op de deur.
835537	Lui è un insegnante.	446585	Hij is leraar.
2853669	Ci sono alluvioni in Germania?	7812018	Zijn er overstromingen in Duitsland?
2222258	Devi voltare qui a sinistra.	2478619	Hier moet je linksaf slaan.
3625886	Tom è stato ferito?	10019846	Raakte Tom gewond?
6722393	Sai dove si trova il ristorante?	9341959	Weet je waar het restaurant is?
11545424	Sono giocatori di baseball.	12090331	Het zijn honkbalspelers.
10813011	Mennad ha l'eczema.	9032089	Mennad heeft eczeem.
3838134	Tom sta morendo?	8666982	Is Tom aan het sterven?
2394507	Sono di Shizuoka.	3529063	Ik kom uit Shizuoka vandaan.
5994461	Non l'ho visto oggi.	6742975	Ik heb hem vandaag niet gezien.
1405096	Che giornale prende?	7207044	Welke krant neemt u?
4508	Non mi piace la scuola.	378007	Ik vind school niet leuk.
794223	Tutti hanno paura del tempo.	9332697	Iedereen is bang voor de tijd.
753283	La Germania è un paese freddo.	3704749	Duitsland is een koud land.
8507836	Ha le orecchie grandi.	12332805	Hij heeft grote oren.
1369325	L'aereo atterrò precisamente alle 6.	1624325	Het vliegtuig landde om zes uur precies.
5836839	Il suo francese è perfetto.	8002994	Uw Frans is perfect.
7138014	Sami fuma?	7162050	Rookt Sami?
1520796	Il pappagallo è morto.	1125413	De papegaai is dood.
7093493	Tom ha una mappa del tesoro.	7099496	Tom heeft een schatkaart.
373703	Questa scuola è stata fondata nel 1650.	377411	Deze school is opgericht in 1650.
378723	Dovresti dormire.	379560	Je zou moeten slapen.
9004903	Tom non è un anarchico.	8987770	Tom is geen anarchist.
9542079	Come hai scoperto che Tom era malato?	11137262	Hoe ben je erachter gekomen dat Tom ziek was?
393280	Tom le ha mostrato la lettera di Babbo Natale.	393260	Tom liet haar de brief van de Kerstman zien.
3157547	La mia amica Judy è in Olanda con sua zia Greta.	8537550	Mijn vriendin Judy is met haar tante Greta in Nederland.
9065506	Sami andava alla moschea ogni giorno.	7318495	Sami ging elke dag naar de moskee.
375270	Certe persone preferiscono il mare, altre preferiscono la montagna.	3169599	Sommigen houden het meest van de zee, anderen van de bergen.
2754412	Fa particolarmente caldo oggi.	801532	Het is vandaag bijzonder heet.
5098840	La rosa appartiene a Teodoro.	9484291	De roos is van Theodore.
1334612	Una volta ogni tanto siamo d'accordo.	4439067	Nun en dan zijn we het eens.
791275	Roma è una città italiana.	850778	Rome is een Italiaanse stad.
9110655	La mia insegnante è molto severa.	12261046	Mijn lerares is erg streng.
12323072	È molto più facile iniziare che finire.	12323088	Het is veel gemakkelijker om te beginnen dan om te eindigen.
3761993	Loro stavano nuotando.	8580613	Ze waren aan het zwemmen.
10233026	Il tavolo è rosso.	7488228	De tafel is rood.
8726843	È strana, vero?	12542327	Ze is raar, nietwaar?
1847882	Tom mangia raramente con la sua famiglia.	4927494	Tom eet zelden met zijn familie.
1062345	A parte nel suo tallone, Achille era invulnerabile.	9938998	Afgezien van zijn hiel was Achilles onkwetsbaar.
5744086	La capitale della Serbia è Belgrado.	7907561	De hoofdstad van Servië is Belgrado.
378724	Dormi bene, Timmy.	377989	Slaap lekker, Timmy.
3154163	Il cavallo non è bianco.	8466552	Het paard is niet wit.
4176591	Dov'è il mercato?	4757545	Waar is de markt?
1064342	Tom e Mary sono buoni amici.	4401954	Tom en Maria zijn goede vrienden.
385342	Quella è la casa dove abita lui.	1532599	Dat is het huis waar hij woont.
1003928	Hai un fratello, Pedro?	1529556	Heb je een broer, Pedro?
3205884	Sai leggere?	9061182	Kan je lezen?
9072799	Ha letto tutto il Corano.	9807959	Hij heeft de hele Koran gelezen.
723351	Sto cercando un assistente.	6606674	Ik zoek een assistent.
1710571	Noi stavamo giocando nel parco.	1593621	We waren in het park aan het spelen.
3534722	Mi scusi, può fare il sushi senza wasabi?	7669143	Neem me niet kwalijk, kunt u de sushi zonder wasabi maken?
1405111	La terra gira attorno al sole.	976123	De aarde draait rond de zon.
1553779	Tutto bene?	5421537	Alles goed?
7870346	Le arance sono sempre arancioni?	9436417	Zijn sinaasappels altijd oranje?
3837172	Tom è impaziente.	7487409	Tom is ongeduldig.
5537197	I bambini sono a scuola.	8244644	De kinderen zijn op school.
8785227	Figlio mio!	9052924	Mijn zoon!
791103	Molto bene, grazie.	8255877	Heel goed, dank je wel.
5487391	Siamo pronti a giocare.	7303949	We zijn klaar om te spelen.
1607445	Mio nonno mi diede un regalo di compleanno.	9535971	Mijn grootvader heeft me een verjaardagscadeautje gegeven.
384510	Avete già letto il giornale di oggi?	384497	Hebben jullie de krant van vandaag al gelezen?
2932776	Joshua è gay.	7323747	Joshua is gay.
2188715	Cuzco è uno dei posti più interessanti del mondo.	9436640	Cuzco is een van de meest interessante plekken ter wereld.
3112272	I gatti possono vedere anche in luoghi bui.	1959310	Katten kunnen zelfs op donkere plaatsen zien.
5964211	Lavora in Belgio.	9979362	Zij werkt in België.
428070	Auckland è una città della Nuova Zelanda.	3164037	Auckland is een stad in Nieuw-Zeeland.
1283937	Il lunedì sera mi annoio sempre.	1268797	Ik verveel me altijd op maandagavond.
6162730	I bambini amano Halloween.	7365214	Kinderen houden van Halloween.
810553	La vita è una malattia mortale a trasmissione sessuale.	810551	Het leven is een dodelijke seksueel overdraagbare ziekte.
806771	Verso quale età si sposano i giapponesi?	940588	Rond welke leeftijd trouwen Japanners?
6063199	Il nuovo piano funzionò bene.	423606	Het nieuwe plan werkte goed.
5004837	Chi sono io per criticarlo?	7955788	Wie ben ik om hem te bekritiseren?
3224900	Cosa gli avete fatto?	4521425	Wat heb je hem aangedaan?
384869	La Cina è il più grande paese dell'Asia.	377387	China is het grootste land in Azië.
4637363	Tè senza ghiaccio.	1045901	Thee zonder ijs.
374615	Chi ha inventato il telefono?	387087	Wie heeft de telefoon uitgevonden?
2608782	Tom ha comprato a Mary una bella macchina fotografica.	2523208	Tom kocht voor Mary een mooi fototoestel.
2864411	Il bambino è sporco.	1540418	Het kind is vies.
6685749	Non penso che sia colpa mia.	12068505	Ik denk niet dat het mijn schuld is.
6212343	Chi crederà a lui?	12334355	Wie gaat hem geloven?
387490	È mio fratello.	644931	Hij is mijn broer.
4522387	Buongiorno, signora.	3438323	Dag mevrouw.
2588051	L'acqua del rubinetto è pericolosa.	7699064	Kraanwater is gevaarlijk.
3472173	Lui parla portoghese.	3482510	Hij spreekt Portugees.
5281438	Nessuno mi ha fatto del male.	9259175	Niemand deed me pijn.
387492	La mia valigia è rotta.	3114055	Mijn koffer is stuk.
6158037	Hanno un cavallo.	9111199	Ze hebben een paard.
2190948	Tom è incosciente.	9275008	Tom is buiten bewustzijn.
741773	Che cosa hai fatto oggi?	4356661	Wat heb je vandaag gedaan?
692913	Riposa in pace.	699915	Rust in vrede.
11690657	Ci sono piramidi in tutto il mondo non solo in Egitto.	11690648	Er zijn piramides over de hele wereld, niet alleen in Egypte.
5780716	Grazie, amici.	6116723	Bedankt, vrienden.
410123	Quando avevo la tua età, Plutone era un pianeta.	9703021	Toen ik zo oud was als jij, was Pluto een planeet.
8357679	L'inglese è una specie di linguaggio universale.	8388251	Engels is een soort van universele taal.
373855	Non abbiamo zucchero.	449426	We hebben geen suiker.
2677575	Io asciugo la mia camicia.	2677579	Ik droog mijn shirt.
4766553	Tom è qui a causa mia.	9623423	Tom is hier vanwege mij.
388063	Mi sono alzato tardi stamattina.	397339	Ik ben vanmorgen laat opgestaan.
718523	Dice una nuova bugia per coprire le precedenti.	718621	Hij vertelt een nieuwe leugen om de voorafgaande te verdoezelen.
10773244	Ziri non vuole figli.	10773250	Ziri wil geen kinderen.
8377555	Odio le feste di compleanno.	9364636	Ik haat verjaardagsfeestjes.
5473605	Io e Tom condividiamo una stanza.	9484709	Tom en ik delen een kamer.
3155317	Faremo una grigliata sabato prossimo.	3237772	De volgende zaterdag houden we een barbecue.
5399318	Io non ricordo esattamente.	671858	Ik herinner het mij niet juist.
4411	Sorprendersi, stupirsi, è cominciare a capire.	382076	Verbaasd zijn, zich verwonderen, is beginnen te begrijpen.
374472	Fa freddo oggi.	655330	Vandaag is het koud.
1969670	È ora di mangiare.	1473527	Het is etenstijd.
3557856	Questa donna non viene dalla Siria.	3559577	Deze vrouw komt niet uit Syrië.
2582691	Io traduco quello che voglio!	11555693	Ik vertaal wat ik wil vertalen!
395540	Ho comprato un orologio.	637308	Ik heb een horloge gekocht.
3353376	Come minimo ci andranno le famiglie.	10212838	Op zijn minst zullen de families er heen gaan.
2680275	Lo stomaco è l'organo principale dell'apparato digerente.	4276890	De maag is het belangrijkste orgaan van het spijsverteringsstelsel.
1482371	La sua risposta era logica.	2178073	Zijn antwoord was logisch.
1740371	Quanto è grande la casa di Tom?	3218948	Hoe groot is Toms huis?
4417313	Anche tu.	7526201	Jij ook.
1135792	Mi piacciono i colori chiari.	659480	Ik zie graag heldere kleuren.
3806355	Hai già parlato con Tom?	12394802	Heb je al met Tom gesproken?
2617675	Tom è in Australia.	7926589	Tom is in Australië.
1547769	Il gallese è una bella lingua.	9285710	Welsh is een mooie taal.
1312401	Il Portogallo non è un'eccezione.	2333178	Portugal is geen uitzondering.
1662253	Tom sta masticando qualcosa.	9190852	Tom kauwt iets.
2981873	Melanie sta mangiando una mela.	9092211	Melanie eet een appel.
7279771	Si parla il giapponese in Giappone.	7547620	Men spreekt Japans in Japan.
3883859	"Il Bhutan si chiama ""Druk Yul"" in tibetano."	7462616	"Bhutan wordt ""Druk Yul"" genoemd in het Tibetaans."
1517507	Capisce quel che voglio dire?	4572109	Begrijp je wat ik wil zeggen?
2609631	Tom non può lavorare.	8700850	Tom kan niet werken.
3321112	Ho visto un uomo adulto che strisciava a carponi sulla cima di un muro. O era ubriaco, o voleva solo essere di nuovo giovane.	3321455	Ik heb een volwassen man gezien die op handen en voeten boven op een muur kroop. Ofwel was hij dronken, ofwel wou hij weer eens jong zijn.
8433091	"Dov'è il mio cappello? ""Proprio dietro di te."""	12036706	"Waar is mijn hoed? ""Vlak achter je."""
4262553	Conosci la città in cui vive?	443911	Ken jij de stad waar hij woont?
4416244	Un mostro orribile viveva qui prima.	4618341	Vroeger leefde hier een verschrikkelijk monster.
3629143	C'è una mensa all'università.	9775232	Er is een cafetaria in de universiteit.
5910173	Hai notato i capelli di Tom?	10943511	Heb je Toms haar opgemerkt?
1014687	Non mi piace il modo in cui ride.	763372	Ik hou niet van de manier waarop ze lacht.
4530319	A quel punto l'errore sarà già stato fatto.	4530337	Op dat moment zal de fout al gemaakt zijn.
373716	Questa è la mia scuola.	8001684	Dit is mijn school.
1157679	Entri!	384254	Komt u binnen!
2729024	Io sto diventando paranoico, non è vero?	6875489	Ik ben paranoïde aan het doen, nietwaar?
3149758	Sostengo la proposta.	3037317	Ik steun de motie.
5754045	C'è un terzo modo?	8434141	Is er een derde manier?
1267954	Non ho chiuso occhio la scorsa notte.	7963720	Ik heb vannacht geen oog dichtgedaan.
1144060	Va da sé che non è possibile.	1356193	Het spreekt vanzelf dat dat niet kan.
3787018	La luna si trova dietro le nuvole.	4169926	De maan zit achter de wolken.
375251	Benvenuto in Giappone.	377789	Welkom in Japan.
1445740	Io ho finito la fantasia!	6059958	Ik ben klaar met de verbeelding.
5992600	Il ponte è in costruzione.	419456	De brug is in aanbouw.
3165429	Che vita!	9806561	Wat een leven.
2411986	Mike ha chiamato il suo cane Spike.	378016	Mike heeft zijn hond Spike genoemd.
3174091	Perché il francese è così difficile?	9285703	Waarom is Frans zo moeilijk?
7218182	Sami ha lavorato là per sei mesi.	7845172	Sammy heeft daar zes maanden gewerkt.
4468761	Dopo ti avremo portato in ospedale.	4468768	Wij zullen jou later naar het ziekenhuis hebben gebracht.
6372274	Il mio nome è sulla lista.	12404280	Mijn naam staat op de lijst.
